{
  "project_info": {
    "project_number": "448800237731",
    "firebase_url": "https://shopping-f20be.firebaseio.com",
    "project_id": "shopping-f20be",
    "storage_bucket": "shopping-f20be.appspot.com"
  },
  "client": [
    {
      "client_info": {
        "mobilesdk_app_id": "1:448800237731:android:7b77c3a6637fc77ad9f716",
        "android_client_info": {
          "package_name": "com.example.shopping_cart"
        }
      },
      "oauth_client": [
        {
          "client_id": "448800237731-isv7embt22mlr63iq3q559g45d46nduh.apps.googleusercontent.com",
          "client_type": 3
        }
      ],
      "api_key": [
        {
          "current_key": "AIzaSyBHy2qOUWDjYNctdK_xVZdcVzdIIH8dtnk"
        }
      ],
      "services": {
        "appinvite_service": {
          "other_platform_oauth_client": [
            {
              "client_id": "448800237731-isv7embt22mlr63iq3q559g45d46nduh.apps.googleusercontent.com",
              "client_type": 3
            }
          ]
        }
      }
    }
  ],
  "configuration_version": "1"
}